Nome,Matricula,Perfil,Senha
João Miguel Duarte,7007,Gestor,$)7C4JejQ1
Davi Lucas da Rocha,8008,Gestor,g1EM!^uY#X
Anthony Costela,9009,Gestor,cI668eJx#r
Sr. Vitor Hugo Azevedo,10010,Time,*5Sl+Myu@4
Diogo Martins,11011,Gerente,U5r$uDJr*V
Alexia Rezende,12012,Time,T+i2AE+)Pe
Levi da Mata,13013,Gerente,)OF_1eZh$X
Beatriz Rocha,14014,Gestor,^j0DzMwf43
Vicente Farias,15015,Gestor,xu$ZaF_&(6
Sr. Luiz Fernando Rezende,16016,Gestor,R!2D6ch6(h
Bruna Pereira,17017,Gestor,r2nqCkr^)G
Maria Fernanda da Cruz,18018,Gerente,@Wl1TVbkiz
Nina das Neves,19019,Time,WP9UK!hnC^
Sr. Juan Oliveira,20020,Gestor,lX9O#o%8*y
Dra. Mirella Cavalcanti,21021,Time,_@O6Akxe%p
Fernando Pereira,22022,Time,R9j21AXq_3
Alícia das Neves,23023,Time,_%TmHtyo8%
Juan Lima,24024,Gerente,&2BeAPnrT6
Dr. Luiz Henrique Barbosa,25025,Gerente,o#^4E0tI_Y
Yago Ramos,26026,Gerente,!jgFrPliR7
Srta. Sabrina Viana,27027,Gestor,^1(OdCle%L
Milena Ribeiro,28028,Time,c#93aVat#W
Raquel Cardoso,29029,Time,_P9+Kty3e*
Giovanna da Conceição,30030,Time,#HO7j()ey5
Thomas Carvalho,31031,Gestor,*Kh7Pc8LF(
Gustavo Lima,32032,Gestor,*V)5XUgnN1
Heloísa Oliveira,33033,Time,j3cIXwp2*8
Heitor da Conceição,34034,Gestor,Ze8@JUokx_
Sr. Marcos Vinicius Pires,35035,Time,^W5i_YsjV@
Srta. Sarah Novaes,36036,Time,l9L#sIl)(q
Pedro Miguel Dias,37037,Gestor,ey1KHb5l%1
Laís Moura,38038,Gestor,N*7ZPhdIol
Carolina Araújo,39039,Gerente,!$i8IMcC2J
Melissa da Paz,40040,Gerente,$k5WtLbVt)
Dr. Daniel Santos,41041,Gestor,yCM72JXb@%
Leonardo Vieira,42042,Time,IRP!w5XbWS
Srta. Maria Clara da Costa,43043,Time,z8hcEBNo#z
Isis da Rosa,44044,Gerente,E40OZ%Ov+R
Vitor Fernandes,45045,Gerente,ms_DX9BgyW
Srta. Isabella da Cunha,46046,Gerente,!3uK96oEBU
Yasmin Azevedo,47047,Gerente,3KP1Nry2_I
Bianca Cardoso,48048,Gestor,H^$5Chh_s%
Pietra Ramos,49049,Gerente,%c9)YKkhX%
